{"cameraMode":{"drawMode":0,"name":"Shaded","section":"Shading Mode"},"sceneLighting":true,"audioPlay":false,"sceneViewState":{"showFog":true,"showMaterialUpdate":true,"showSkybox":true,"showFlares":true,"showImageEffects":true,"showParticleSystems":true},"in2DMode":false,"pivot":{"x":22.696517944335939,"y":-4.468591690063477,"z":31.79463005065918},"rotation":{"x":0.17757220566272736,"y":0.8057332038879395,"z":-0.2980569005012512,"w":0.48002901673316958},"size":43.22858810424805,"orthographic":false}